Greetings,affirm,Interview Preperation,Exams,Career ,Job Details,Salary,Reject,StudyCenter,Career in Abroad ,Motivation
Hi,Yes!,What is the best way to prepare for job interview?,What is the procedure to apply IELTS?,What are the career options in python?,Find me a CSE Internship?,Average salary of Software developer at Google,No,Where can Learn Machine learning,Best country for masters in Cs,How to improve self confidence
Hey how are u doing,I like it,What are the best online websites for preparation?,What is the procedure to apply GRE?,What are the career options in Java?,Find me a ECE Internship in Hyderabad?,Average salary of Software developer at Microsoft,none,Where to get Tensorflow Books,Best country for MBA,How to be positive
How are you?,thumbs up,How to master programming?,What is the procedure to apply GATE?,What are the career options in Mobile Development?,Best websites for job search,Highest paid salary for Data scientist,No way,Where to get Python Books,Best country for MBBS,Inspiring videos for students
 Hey,I love it,How to solve quantitative aptitude?,What is the procedure to apply BITSAT?,What are the career options in Data Science?,Best websites for applying internships,Highest paid salary for Software Devloper,nothing,Best websites for Coding,Minium Eligibilty for Masters,Best movies for motivation
 good morning,yep,Best websites for coding online,What is the procedure to apply RBI Exam?,What are the different streams in Btech,Find me freasher jobs in CS field,Highest Paid salary for Data Engineer,terminate,I want to learn Flask,Best websites to search Universites,How to work smartly
good evening,of course,What are best websites to prepare for Government Exams?,What is the procedure to apply ISRO Exam?,What are the different streams in MTech?,Find me a job pakage of above 5lac per annum,Highest paid jobs in Python Development,Never,I want to learn Django,Top few countries to get job,Share few motivation quotes
Hello,ya,Where can I get Technical MCQ'S for preparation?,What is the procedure to apply CAT?,Is doing masters worth it?,List vacancies in Top tier companies,Average Salary after Mtech in CS,Not like this,I want to learn German,Best country to live after education,How to motivate myself at work
Hai!How can I can help you?,yeppers,What are most common questions asked by Interviewer?,What is the procedure to apply JEE Mains?,Career options in Animation field?,Find vacancies in ISRO,Average salary after Masters in CS,This is not for you,I want learn Animation,Minimum financial requirements ,How to make Time management
Hey! whattsup,yay,How to face interview?,What is the procedure to apply NEET?,Best Deemed Universities for Btech?,Find me Data analyst jobs in Hyderabad,Average salary after MBA,nope,Best books to develop English,Opportunites after Masters inUsa,How to schedule work plans
hello dear,aye,Where can I find previous placement papers?,What is the procedure to apply Scholorship?,what are the career options after btech?,Best locations in India for IT jobs,Average salary after PHD,certaintly not,I want to learn R programming,Is german language required to settle in germany,Tips to improve workflow
good afternoon,ok,How to excel group discussion?,What is the validity of GATE score?,what are the career options after bba,"Find jobs with masters,phd level requirements in IT sector",Average salary after MBBS,rejected,I want to learn Google Analyitcs,Best county in Europe for Masters,Best websites for sharing knowledge community
hey there,yeah,How to improve my communication skills?,What is the validity of GRE score,what are the career options after mtech,which are the best cities for a job in ML,Salary of pilots,not likely,What aretrending courses in Cloud,Top states in USA with high salary ,How to avoid work pressure
good day,okay,Tips before going to interview,What is validity of IELTS score?,what are the career options after phd,python companies in ahmedabad for a job,Average salary of Software Trainee,Not this way,How to kickstart Ethical Hacking,OTP in USA,How to avoid study pressure
happy morning,alright,How much time will interview take?,What is the minium band required for ielts?,what are the career options after mbbs,find me a job in web development,Average salary of HR,Not like that,I want to learn Unity,OTP IN Australia,How to work like a pro
good evening,perfect,How will they test my knowledge?,What are the minium marks required to qualify in GATE?,what are the career options after mba,i want a job of data entry in hyderabad,Highest paid salary in Government Sector,This option is not for you,I want to learn C#,Top universites in USA,
Namasthe,alrighty,How should I send my Resume?,What are entrance exams for government jobs>,"which career is more suitable after mba, starting a company or a job",find me a job of a technician in chennai,Highest paid salary of Bank Manger,nah,I want to learn Git,Top universites in Canada,
"Hi, whats going on?",affirmative,Tips for resume and cover letter,When will UPSC exam be conducted?,"what pays more in law career, practise or job in law firm",what are the job options for a machine learning enthusiast?,Average paid salary in Animation,Nothing can happen,I want to learn about RASA Framework,How to apply Passport,
Nice to talk to you,roger that,How long should my resume be?,Where to find previous gate exam papers?,what are the different streams in arts degree,i specialize in cyber security. list me some jobs,Average salary for Data Architecture,Not likely that,I want to know about Mean Stack Developer,How to apply Visa,
"Hello, what are you doing now",absoluely,What are top traits does interviewer look for in a potential candiate?,How to prepare for exams?,which career is best after bcom,list few jobs in chemical field,Average salary for Isro Scientist,No way for this,I want to learn Android,How to apply admission in University,
"Hello, how is everything",agreed,Best books for preparation of aptitude and logical questions ,Best way to prepare for exams?,career options in ML field,find me government job openings in IT field,Average salary for Nasa Scientist,Nothing like that,I want to learn .Net,Common Visa interview Questions,
"hi, whats new",copy that,How to behave before interviewer?,Schedule me a best time to prepare for exams?,which career will get me a job : python or java,find me a bank job in ahmedabad,Average salary for Aerospace Engineering,Never like this,I am looking to learn Google adwords,Which is better Fall or spring?,
"Hey there, whats up",yup,What are do's and donâ€™t's at interview?,Best coaching institutes for GATE in Hyderabad,What are the career options for fresher?,help me find work from home jobs in CS field,Average salary for a Navy officer,Nope for this ,I want to study Angular js,What to expect salary after Maters,
Its a pleasure to talk to you.,totally,How to introduce myself in the interview?,Cost of ielts exam,What are career options for me after learning JAVA?,best jobs in automobile industry,Highest paid salary for Navy officer,Noh way,I want to study Wordpress Plugin Development,What to expect college life in Abroad,
"Hai, hope you are doing well.",very well,Best websites to practice aptitude,Cost of Gre exam,Which career path should I choose to get highest pay?,top jobs for a freelancer photographer,Average salary for professor in IIT's,Never like that,I am looking to learn JQuery,Is part time jobs available in USA,
Hi!Nice to meet you,sounds good,Best websites for communication,Cost of GATE exam,What are the career options after doing Masters in Telecommunication?,find me a job of a professional photographer,Average salary for Assitant professor in ITT's,Never mind,I want to learn HTML,How much loan does government provide,
Hai!Please to meet you,definitely,Things to carry on the day of interview,Best coaching institutes for GRE in Hyderabad,Which career should I choose: Big Data or Data Science?,list few jobs for MBA,Average salary of BPO job,Not that way,I am looking to learn CSS,Famous consultancy services in Hyderabad,
Heyyy !,certainly,Oneday before Interview,What is the helpline number for Gate exam?,how to get started with a career in robotics,top jobs in MBA in delhi,Average salary of Army officer,Reject,I want to learn SQL,Do I get internsip at Universities,
"Hey,Buddy",indeed,On the day of interview,What is the helpline number for Gre exam?,how to get started to pursue a career in photography,find me a job for an architect,Average salry of Collector,Noh one,I am looking to learn SPSS,Do universites in abroad provide Placements,
Hello there,fine,Where to practice JAM?,When will be the next Hackothan?,how to get started with a career in arts,list top jobs in architecture in mumbai,Average salary of a Police officer,Never do,I want to learn JavaScript,How to get job in Abroad,
Hi!Tell me what to do,sure thing,How to connect HR through Linked-In ,When will be the next Kaggle challenge?,how to get started with a career in engineering,the top paying companies in CS field in delhi,Highest paid salary in Google,Not like this,I am looking to learn Scala,,
Hey bot,"yeah, you can do it",How many rounds will be in the Interview selection,Where can I get GATE books?,How to land a good paying job in India,the best job for a teacher,Highest paid salary in Microsoft ,Nothing Happens,I want to learn Swift Language,,
Hello Bot,"yes, you can go further with that",How to impress HR,Where can I get GRE books?,How to land a good paying job in USA,list some jobs for a professor,Highest paid salary in Adobe,other options please,I am looking to learn VB Language,,
Hey mike,Undoubtedly,How to manage in tough time at interview, Is online coaching or offline coaching is better?,What are career options in Banking sector,Vacancies in DRDO,Average salary for a Docter,I don't think it is good option,I want to learn Photoshop,,
Hai can u suggest me,Absolutely,How well the candiate should be dressed,How to write a research paper,What are career options in Government sectors,find me job options for a web developer in ahmedabad,Average salary for a game develper,Doesn't Sound Good,I am looking to learn Android,,
Career bot?,Indubitably,Interview tips reddit,How to publish a research paper,Mtech or Masters?,Upcoming job fairs,Incentives in Biju's,End,I want to study MS Excel,,
Great to see you,Gladly,Interview tips Quora,How to read a research paper,Masters or MBA?,Jobs in teaching sector,Average salary of Movie editors,Not interested,I want to learn Networking,,
Hey boo,Sounds good,Websites to create resume,How to apply Civils Exam,Best jobs in 2020,Find me jobs in Hotel Management,Annual Income of Google,I can't do this,I want to study Search Engine Optimization,,
Its been a while,Totally,Set right body language,How to prepare for Civils,How to launch a startup?,Find vacancies in L&T Service,Annual Income of Microsoft,Avoid,Which book is best to learn Spark?,,
Long time no see,Obviously,Where to find programming questions,How to apply Emcet,Top colleges for robotics in India,Find jobs in Healthcare domain,How much amount required for a startup,I don't like that,I am looking to Explore in Digital Marketing,,
Voila,Surely,Best skillset required by any organisation,How to prepare for Emcet,Top colleges for engineering in Hyderabad,Find BPO jobs in Hyderabad,How to invest my salary wisely,nah,What are the Trending Course in Machine Learning?,,
hola,Fine,Best apps for interview preparation,Cost of Emcet Exam,What are job roles in Nasa,Find jobs in Marketing and sales,Highest paid salary to CA,don't do that,Want to learn Data Science from Scratch,,
How are you man,For sure,Best apps for improving communication,Average marks for qualifying in emcet,What skillset required for IT job?,Find jobs in Accounting,Average salary for CA,Sorry,Want to add Python in my skill,,
Yo,Sure thing,How to increase LinkedIn connections,Emcet cuttof in Hyderabad Colleges,Career options after Intermediate,Find jobs with minimum experience of 2 years,Average salary for Lawyer,I would not do this,Which is the best book to learn Hadoop?,,
Howdy,surely you can do that,Best resume templates,How to prepare for JEE mains,Career after hotel management,Find jobs in Environment domains,Average salary for dentist in Canada,Not Possible,I want to learn Database,,
Anyone there,yes you are right,How to start in group discusion,Exam pattern of JEE mains,Career in Aeronautics,Jobs in Social Volunteer work,Highest salary for an EC engineer,Not desirable option,Which book is good to learn Data Structure,,
Need help?,absolutely you can proceed ,,Qualifying marks for JEE Mains,Does ethical hacker gets good salary?,help me find a job in statistics field,Highest salary for app developer,I don't think so,Show me some courses on Analytics,,
Namskar,yes you can do that,,When will be the Google Hackothan Exam,How to be a Freelancer?,help me find a job in law firm,How to invest my salary in mutual funds,I would avoid that,I want to study C,,
What can you do,yes you can proceed further,,Tips for students before exam day,How to get job in google,Find pilot jobs,Salary of HOD in Private Universites,I would not prefer that,I want to study Python,,
Look who it is,yes for sure,,On exam day,How to get place at Microsoft,Find software trainee jobs,Average salary of Biotech Engineer,Its not considerable,I want to learn Data Structures,,
